,feature,importance
2,creativity,0.13730875
5,ict_index,0.08131425
4,threat,0.051059805
26,threat_ewm_6,0.04712694
27,points_ewm_3,0.04146023
28,points_ewm_6,0.03394731
3,influence,0.032663524
11,next_opp_diff,0.032619074
13,value,0.028325222
9,points,0.02766419
25,threat_ewm_3,0.02731373
18,goals_scored_ewm_6,0.02667954
21,creativity_ewm_3,0.025886344
29,total_points_ewm_3,0.02579022
15,selected,0.025609769
30,total_points_ewm_6,0.025462417
14,value_efficiency,0.025324263
23,influence_ewm_3,0.024217669
24,influence_ewm_6,0.024147581
17,goals_scored_ewm_3,0.023544526
22,creativity_ewm_6,0.023450263
20,assists_ewm_6,0.022829806
19,assists_ewm_3,0.022726836
12,was_home,0.022540508
7,bps,0.022450872
16,transfers_balance,0.021380093
8,total_points,0.020740718
1,assists,0.019541811
10,opponent_difficulty,0.019295322
6,bonus,0.018954903
0,goals_scored,0.018623522
